   id, time,  addr, rssi,  ave, lane
    0, 1275, 65:02,  -67,  -58,    0
    1,  483, 65:02,  -65,  -66,    0
    2,  481, 65:02,  -60,  -62,    0
    3,  472, 65:02,  -65,  -62,    0
    4,  485, 65:02,  -69,  -67,    0
    5,  475, 65:02,  -63,  -66,    0
    6,  482, 65:02,  -66,  -64,    0
    7,  478, 65:02,  -62,  -64,    0
    8,  482, 65:02,  -69,  -65,    0
    9,  484, 65:02,  -65,  -67,    0
   10,  484, 65:02,  -69,  -67,    0
   11,  477, 65:02,  -58,  -63,    0
   12,  479, 65:02,  -65,  -61,    0
   13,  479, 65:02,  -74,  -69,    0
   14,  958, 65:02,  -66,  -70,    0
   15,  959, 65:02,  -72,  -69,    0
   16,  486, 65:02,  -71,  -71,    0
   17,  473, 65:02,  -72,  -71,    0
   18,  478, 65:02,  -71,  -71,    0
   19,  480, 65:02,  -68,  -69,    0
   20,  478, 65:02,  -72,  -70,    0
   21,  501, 65:02,  -68,  -70,    0
   22,  458, 65:02,  -70,  -69,    0
   23,  480, 65:02,  -73,  -71,    0
   24,  490, 65:02,  -81,  -77,    0
   25,  477, 65:02,  -73,  -77,    0
   26,  480, 65:02,  -70,  -71,    0
   27,  482, 65:02,  -76,  -73,    0
   28, 1440, 65:02,  -82,  -79,    0
   29,  473, 65:02,  -82,  -82,    0
   30,  485, 65:02,  -84,  -83,    0
   31,  481, 65:02,  -81,  -82,    0
   32,  473, 65:02,  -82,  -81,    0
   33,  967, 65:02,  -78,  -80,    0
   34,  473, 65:02,  -84,  -81,    0
   35,  492, 65:02,  -82,  -83,    0
   36,  470, 65:02,  -85,  -83,    0
   37,  487, 65:02,  -88,  -86,    0
   38,  479, 65:02,  -90,  -89,    0
   39,  477, 65:02,  -95,  -92,    0
   40,  473, 65:02,  -84,  -89,    0
   41,  488, 65:02,  -86,  -85,    0
   42,  479, 65:02,  -81,  -83,    0
   43,  481, 65:02,  -78,  -79,    0
   44,  482, 65:02,  -81,  -79,    0
   45,  478, 65:02,  -81,  -81,    0
   46,  474, 65:02,  -90,  -85,    0
   47,  508, 65:02,  -91,  -90,    0
   48,  458, 65:02,  -92,  -91,    0
   49,  478, 65:02,  -79,  -85,    0
   50,  479, 65:02,  -72,  -75,    0
   51,  479, 65:02,  -78,  -75,    0
   52,  481, 65:02,  -78,  -78,    0
   53,  477, 65:02,  -75,  -76,    0
   54,  483, 65:02,  -79,  -77,    0
   55,  991, 65:02,  -73,  -76,    0
   56,  477, 65:02,  -68,  -70,    0
   57,  454, 65:02,  -88,  -78,    0
   58,  483, 65:02,  -77,  -82,    0
   59,  476, 65:02,  -81,  -79,    0
   60,  481, 65:02,  -86,  -83,    0
   61,  477, 65:02,  -79,  -82,    0
   62,  481, 65:02,  -86,  -82,    0
   63,  485, 65:02,  -96,  -91,    0
   64,  478, 65:02,  -84,  -90,    0
   65,  473, 65:02,  -89,  -86,    0
   66,  485, 65:02,  -85,  -87,    0
   67,  481, 65:02,  -91,  -88,    0
   68, 1441, 65:02,  -88,  -89,    0
   69,  480, 65:02,  -83,  -85,    0
   70,  486, 65:02,  -81,  -82,    0
   71,  471, 65:02,  -87,  -84,    0
   72,  962, 65:02,  -83,  -85,    0
   73,  476, 65:02,  -89,  -86,    0
   74,  517, 65:02,  -84,  -86,    0
   75,  471, 65:02,  -80,  -82,    0
   76,  455, 65:02,  -86,  -83,    0
   77,  983, 65:02,  -94,  -90,    0
   78,  464, 65:02,  -83,  -88,    0
   79,  948, 65:02,  -90,  -86,    0
   80,  484, 65:02,  -83,  -86,    0
   81,  503, 65:02,  -85,  -84,    0
   82,  935, 65:02,  -77,  -81,    0
   83,  486, 65:02,  -70,  -73,    0
   84,  481, 65:02,  -76,  -73,    0
   85,  952, 65:02,  -79,  -77,    0
   86,  480, 65:02,  -70,  -74,    0
   87,  489, 65:02,  -73,  -71,    0
   88,  956, 65:02,  -73,  -73,    0
   89,  509, 65:02,  -73,  -73,    0
   90,  447, 65:02,  -73,  -73,    0
   91,  482, 65:02,  -84,  -78,    0
   92,  508, 65:02,  -90,  -87,    0
   93,  936, 65:02,  -97,  -93,    0
   94, 1434, 65:02,  -89,  -93,    0
   95,  508, 65:02,  -97,  -93,    0
   96,  460, 65:02,  -95,  -96,    0
   97,  477, 65:02,  -93,  -94,    0
   98,  481, 65:02,  -85,  -89,    0
   99,  955, 65:02,  -99,  -92,    0
  100,  489, 65:02,  -88,  -93,    0
  101,  475, 65:02,  -95,  -91,    0
  102,  502, 65:02,  -90,  -92,    0
  103,  453, 65:02,  -94,  -92,    0
  104,  482, 65:02,  -99,  -96,    0
  105, 1444, 65:02, -101, -100,    0
  106,  482, 65:02, -100, -100,    0
  107, 3131, xx:xx, -120, -110,    0
  108,  227, 65:02,  -99, -109,    0
  109,  475, 65:02, -100,  -99,    0
  110,  482, 65:02,  -99,  -99,    0
  111, 2401, 65:02,  -95,  -97,    0
  112, 3115, xx:xx, -120, -107,    0
  113,  244, 65:02,  -95, -107,    0
  114, 3088, xx:xx, -120, -107,    0
  115, 3087, xx:xx, -120, -120,    0
  116, 3088, xx:xx, -120, -120,    0
  117, 3091, xx:xx, -120, -120,    0
  118, 1113, 65:02, -102, -111,    0
  119, 2377, 65:02,  -98, -100,    0
  120,  961, 65:02, -101,  -99,    0
  121,  953, 65:02,  -96,  -98,    0
  122,  961, 65:02,  -98,  -97,    0
  123,  481, 65:02,  -95,  -96,    0
  124,  486, 65:02,  -95,  -95,    0
  125,  478, 65:02,  -91,  -93,    0
  126,  961, 65:02,  -98,  -94,    0
  127, 1436, 65:02,  -95,  -96,    0
  128,  957, 65:02,  -94,  -94,    0
  129,  964, 65:02,  -93,  -93,    0
  130,  956, 65:02,  -97,  -95,    0
  131,  483, 65:02,  -95,  -96,    0
  132,  955, 65:02,  -91,  -93,    0
  133,  485, 65:02,  -85,  -88,    0
  134,  955, 65:02,  -89,  -87,    0
  135,  481, 65:02,  -97,  -93,    0
  136,  482, 65:02,  -98,  -97,    0
  137,  484, 65:02,  -90,  -94,    0
  138,  960, 65:02,  -94,  -92,    0
  139,  992, 65:02,  -91,  -92,    0
  140,  442, 65:02,  -98,  -94,    0
  141,  502, 65:02,  -86,  -92,    0
  142, 1423, 65:02,  -92,  -89,    0
  143, 1470, 65:02,  -93,  -92,    0
  144,  927, 65:02,  -97,  -95,    1
  145, 1917, 65:02,  -95,  -96,    1
  146,  485, 65:02,  -93,  -94,    1
  147,  474, 65:02,  -93,  -93,    1
  148,  487, 65:02,  -97,  -95,    1
  149, 1442, 65:02, -103, -100,    1
  150,  954, 65:02,  -95,  -99,    1
  151, 1925, 65:02,  -96,  -95,    1
  152,  482, 65:02,  -96,  -96,    1
  153,  952, 65:02,  -95,  -95,    1
  154,  962, 65:02,  -93,  -94,    1
  155, 2402, 65:02,  -96,  -94,    1
  156,  485, 65:02,  -96,  -96,    1
  157,  957, 65:02,  -96,  -96,    1
  158,  963, 65:02, -100,  -98,    1
  159, 3099, xx:xx, -120, -110,    1
  160, 3096, xx:xx, -120, -120,    1
  161, 3148, xx:xx, -120, -120,    1
  162, 2174, 65:02,  -97, -108,    1
  163, 3102, xx:xx, -120, -108,    1
  164, 3098, xx:xx, -120, -120,    1
  165, 3101, xx:xx, -120, -120,    1
  166, 1256, 65:02,  -94, -107,    1
  167,  481, 65:02, -100,  -97,    1
  168,  482, 65:02,  -93,  -96,    1
  169, 1914, 65:02,  -95,  -94,    1
  170,  494, 65:02,  -99,  -97,    1
  171,  470, 65:02,  -91,  -95,    1
  172,  957, 65:02,  -95,  -93,    1
  173, 2880, 65:02,  -92,  -93,    1
  174,  480, 65:02,  -91,  -91,    2
  175,  480, 65:02,  -93,  -92,    2
  176,  483, 65:02,  -93,  -93,    2
  177,  474, 65:02,  -95,  -94,    2
  178, 1936, 65:02,  -98,  -96,    2
  179,  466, 65:02,  -91,  -94,    2
  180,  477, 65:02,  -94,  -92,    2
  181,  969, 65:02, -101,  -97,    2
  182,  474, 65:02, -101, -101,    2
  183, 1447, 65:02,  -88,  -94,    2
  184,  960, 65:02,  -88,  -88,    2
  185, 2393, 65:02,  -96,  -92,    2
  186,  968, 65:02,  -97,  -96,    2
  187, 3105, xx:xx, -120, -108,    2
  188,  257, 65:02,  -96, -108,    2
  189, 2878, 65:02, -101,  -98,    2
  190,  953, 65:02,  -93,  -97,    2
  191,  959, 65:02, -103,  -98,    2
  192, 3102, xx:xx, -120, -111,    2
  193, 3103, xx:xx, -120, -120,    2
  194, 3107, xx:xx, -120, -120,    2
  195, 3108, xx:xx, -120, -120,    2
  196, 2946, 65:02,  -96, -108,    2
  197, 3109, xx:xx, -120, -108,    2
  198,  246, 65:02,  -99, -109,    2
  199, 3108, xx:xx, -120, -109,    2
  200, 3114, xx:xx, -120, -120,    2
  201, 1462, 65:02,  -99, -109,    2
  202, 3105, xx:xx, -120, -109,    2
  203,  257, 65:02,  -91, -105,    2
  204, 1915, 65:02, -101,  -96,    2
  205,  481, 65:02,  -94,  -97,    2
  206,  971, 65:02,  -97,  -95,    2
  207,  475, 65:02,  -95,  -96,    2
  208,  950, 65:02,  -98,  -96,    2
  209, 1446, 65:02,  -97,  -97,    2
  210,  479, 65:02,  -90,  -93,    3
  211,  966, 65:02,  -98,  -94,    3
  212, 1435, 65:02,  -89,  -93,    3
  213,  955, 65:02,  -97,  -93,    3
  214,  485, 65:02,  -98,  -97,    3
  215, 1439, 65:02,  -97,  -97,    3
  216,  955, 65:02, -100,  -98,    3
  217,  492, 65:02,  -91,  -95,    3
  218,  952, 65:02,  -96,  -93,    3
  219,  960, 65:02,  -91,  -93,    3
  220, 1446, 65:02,  -96,  -93,    3
  221,  962, 65:02,  -96,  -96,    3
  222, 2876, 65:02,  -94,  -95,    3
  223, 2403, 65:02, -100,  -97,    3
  224, 3110, xx:xx, -120, -110,    3
  225, 1210, 65:02,  -97, -108,    3
  226, 3090, xx:xx, -120, -108,    3
  227, 3090, xx:xx, -120, -120,    3
  228, 3088, xx:xx, -120, -120,    3
  229, 3085, xx:xx, -120, -120,    3
  230, 3092, xx:xx, -120, -120,    3
  231, 2307, 65:02,  -94, -107,    3
  232, 2893, 65:02,  -94,  -94,    3
  233,  955, 65:02, -101,  -97,    3
  234,  965, 65:02, -100, -100,    3
  235,  951, 65:02,  -99,  -99,    3
  236, 1916, 65:02, -101, -100,    3
  237, 2405, 65:02,  -93,  -97,    3
  238,  954, 65:02,  -95,  -94,    3
  239, 3088, xx:xx, -120, -107,    3
  240,  764, 65:02,  -99, -109,    3
  241,  472, 65:02,  -94,  -96,    3
  242,  483, 65:02, -100,  -97,    4
  243,  481, 65:02,  -96,  -98,    4
  244, 1916, 65:02,  -87,  -91,    4
  245,  500, 65:02,  -91,  -89,    4
  246, 1420, 65:02,  -93,  -92,    4
  247,  478, 65:02,  -98,  -95,    4
  248,  478, 65:02,  -86,  -92,    4
  249,  478, 65:02,  -91,  -88,    4
  250,  494, 65:02,  -90,  -90,    4
  251, 1428, 65:02, -101,  -95,    4
  252,  965, 65:02, -100, -100,    4
  253,  476, 65:02,  -88,  -94,    4
  254, 2400, 65:02,  -99,  -93,    4
  255, 1442, 65:02,  -99,  -99,    4
  256,  499, 65:02,  -93,  -96,    4
  257, 3098, xx:xx, -120, -106,    4
  258, 3095, xx:xx, -120, -120,    4
  259,  990, 65:02,  -99, -109,    4
  260, 1920, 65:02, -102, -100,    4
  261, 1921, 65:02,  -96,  -99,    4
  262, 3104, xx:xx, -120, -108,    4
  263,  273, 65:02,  -99, -109,    4
  264,  458, 65:02, -100,  -99,    4
  265, 3102, xx:xx, -120, -110,    4
  266, 3097, xx:xx, -120, -120,    4
  267, 3107, xx:xx, -120, -120,    4
  268, 3099, xx:xx, -120, -120,    4
  269, 3096, xx:xx, -120, -120,    4
  270,  348, 65:02,  -99, -109,    4
  271, 3112, xx:xx, -120, -109,    4
  272,  238, 65:02,  -94, -107,    5
  273,  964, 65:02,  -97,  -95,    5
  274, 1921, 65:02,  -95,  -96,    5
  275,  958, 65:02,  -91,  -93,    5
  276,  959, 65:02, -100,  -95,    5
  277, 2881, 65:02,  -99,  -99,    5
  278,  480, 65:02,  -90,  -94,    5
  279,  963, 65:02,  -90,  -90,    5
  280, 1438, 65:02,  -87,  -88,    5
  281,  481, 65:02,  -86,  -86,    5
  282,  474, 65:02,  -93,  -89,    5
  283, 1460, 65:02,  -87,  -90,    5
  284,  471, 65:02,  -97,  -92,    5
  285,  961, 65:02,  -84,  -90,    5
  286,  476, 65:02,  -93,  -88,    5
  287, 1452, 65:02, -100,  -96,    5
  288,  464, 65:02,  -93,  -96,    5
  289,  476, 65:02, -101,  -97,    5
  290, 2404, 65:02,  -92,  -96,    5
  291,  478, 65:02,  -94,  -93,    5
  292,  984, 65:02,  -89,  -91,    5
  293, 2874, 65:02,  -97,  -93,    5
  294,  954, 65:02,  -99,  -98,    5
  295, 3105, xx:xx, -120, -109,    5
  296,  255, 65:02,  -89, -104,    5
  297, 2868, 65:02, -101,  -95,    5
  298, 3156, xx:xx, -120, -110,    5
  299, 3100, xx:xx, -120, -120,    5
  300, 3109, xx:xx, -120, -120,    5
  301,  235, 65:02,  -98, -109,    5
  302, 3105, xx:xx, -120, -109,    5
  303, 2657, 65:02, -100, -110,    5
  304,  960, 65:02,  -99,  -99,    5
  305, 3107, xx:xx, -120, -109,    5
  306, 1216, 65:02,  -96, -108,    5
  307,  959, 65:02,  -97,  -96,    5
  308, 3120, xx:xx, -120, -108,    5
  309,  237, 65:02,  -94, -107,    5
  310,  503, 65:02,  -95,  -94,    5
  311,  943, 65:02,  -95,  -95,    5
  312, 1914, 65:02,  -91,  -93,    5
  313,  486, 65:02,  -93,  -92,    5
  314,  477, 65:02,  -98,  -95,    5
  315, 2885, 65:02,  -94,  -96,    5
  316, 1436, 65:02, -101,  -97,    5
  317, 1920, 65:02,  -98,  -99,    5
  318,  964, 65:02,  -98,  -98,    5
  319, 1437, 65:02, -102, -100,    5
  320,  497, 65:02,  -90,  -96,    5
  321,  968, 65:02,  -96,  -93,    5
  322, 1420, 65:02,  -92,  -94,    5
  323,  958, 65:02,  -95,  -93,    5
  324,  471, 65:02,  -92,  -93,    6
  325, 1929, 65:02,  -96,  -94,    6
  326, 3104, xx:xx, -120, -108,    6
  327, 1703, 65:02,  -97, -108,    6
  328,  477, 65:02,  -98,  -97,    6
  329, 1914, 65:02,  -97,  -97,    6
  330, 1456, 65:02,  -97,  -97,    6
  331, 3130, xx:xx, -120, -108,    6
  332,  697, 65:02, -101, -110,    6
  333,  961, 65:02, -103, -102,    6
  334, 3102, xx:xx, -120, -111,    6
  335, 3084, xx:xx, -120, -120,    6
  336, 1966, 65:02,  -97, -108,    6
  337, 3093, xx:xx, -120, -108,    6
  338, 3085, xx:xx, -120, -120,    6
  339, 3101, xx:xx, -120, -120,    6
  340,  810, 65:02,  -98, -109,    6
  341,  470, 65:02,  -99,  -98,    6
  342, 3107, xx:xx, -120, -109,    6
  343, 1218, 65:02,  -98, -109,    6
  344, 2395, 65:02,  -98,  -98,    6
  345,  490, 65:02,  -92,  -95,    6
  346,  468, 65:02,  -94,  -93,    6
  347, 2409, 65:02,  -90,  -92,    6
  348,  471, 65:02,  -98,  -94,    6
  349,  971, 65:02,  -91,  -94,    6
  350, 1438, 65:02, -100,  -95,    6
  351, 2397, 65:02,  -84,  -92,    6
  352,  480, 65:02,  -99,  -91,    6
  353,  483, 65:02,  -91,  -95,    6
  354,  473, 65:02,  -91,  -91,    6
  355,  485, 65:02,  -96,  -93,    6
  356,  477, 65:02,  -90,  -93,    6
  357,  967, 65:02,  -93,  -91,    6
  358, 2399, 65:02,  -93,  -93,    6
  359,  495, 65:02,  -88,  -90,    6
  360,  940, 65:02,  -91,  -89,    6
  361, 2402, 65:02,  -95,  -93,    6
  362, 2884, 65:02,  -98,  -96,    6
  363,  952, 65:02,  -94,  -96,    6
  364, 2883, 65:02,  -97,  -95,    6
  365, 1454, 65:02, -100,  -98,    6
  366, 2396, 65:02,  -99,  -99,    6
  367, 3095, xx:xx, -120, -109,    6
  368, 2654, 65:02,  -98, -109,    6
  369, 2397, 65:02,  -97,  -97,    6
  370, 3097, xx:xx, -120, -108,    6
  371, 3093, xx:xx, -120, -120,    6
  372, 3094, xx:xx, -120, -120,    6
  373, 3097, xx:xx, -120, -120,    6
  374,  620, 65:02,  -98, -109,    6
  375, 1892, 65:02, -101,  -99,    6
  376, 2395, 65:02,  -97,  -99,    6
  377, 2391, 65:02,  -95,  -96,    6
  378,  489, 65:02,  -90,  -92,    6
  379, 1913, 65:02,  -95,  -92,    6
  380, 1438, 65:02,  -99,  -97,    6
  381,  968, 65:02,  -93,  -96,    6
  382,  475, 65:02,  -96,  -94,    6
  383,  484, 65:02,  -97,  -96,    6
  384, 2881, 65:02,  -84,  -90,    6
  385,  481, 65:02,  -85,  -84,    6
  386,  502, 65:02,  -95,  -90,    6
  387, 1418, 65:02,  -93,  -94,    6
  388,  473, 65:02,  -89,  -91,    6
  389,  485, 65:02,  -96,  -92,    6
  390,  476, 65:02,  -97,  -96,    6
  391, 1463, 65:02,  -94,  -95,    6
  392,  463, 65:02,  -92,  -93,    6
  393,  962, 65:02,  -92,  -92,    6
  394,  953, 65:02,  -93,  -92,    6
  395,  971, 65:02,  -97,  -95,    6
  396,  472, 65:02,  -97,  -97,    6
  397, 3103, xx:xx, -120, -108,    6
  398, 1215, 65:02,  -95, -107,    6
  399,  483, 65:02,  -94,  -94,    6
  400, 3096, xx:xx, -120, -107,    7
  401,  266, 65:02, -100, -110,    7
  402, 3150, xx:xx, -120, -110,    7
  403, 2127, 65:02,  -97, -108,    7
  404, 3103, xx:xx, -120, -108,    7
  405, 3103, xx:xx, -120, -120,    7
  406, 3113, xx:xx, -120, -120,    7
  407, 2690, 65:02,  -94, -107,    7
  408, 3117, xx:xx, -120, -107,    7
  409,  711, 65:02,  -98, -109,    7
  410, 2880, 65:02,  -99,  -98,    7
  411, 3123, xx:xx, -120, -109,    7
  412,  718, 65:02,  -98, -109,    7
  413, 2879, 65:02,  -94,  -96,    7
  414,  481, 65:02,  -95,  -94,    7
  415,  484, 65:02, -102,  -98,    7
  416,  480, 65:02,  -95,  -98,    7
  417, 3104, xx:xx, -120, -107,    7
  418,  253, 65:02, -100, -110,    7
  419,  483, 65:02,  -92,  -96,    7
  420,  479, 65:02,  -92,  -92,    7
  421, 1921, 65:02, -100,  -96,    7
  422,  480, 65:02,  -99,  -99,    7
  423,  477, 65:02,  -91,  -95,    7
  424, 1917, 65:02,  -84,  -87,    7
  425,  959, 65:02,  -93,  -88,    7
  426,  485, 65:02,  -98,  -95,    7
  427, 3107, xx:xx, -120, -109,    7
  428,  728, 65:02,  -97, -108,    7
  429,  966, 65:02,  -92,  -94,    7
  430,  477, 65:02,  -97,  -94,    7
  431,  990, 65:02,  -98,  -97,    7
  432, 2848, 65:02,  -96,  -97,    7
  433, 1921, 65:02,  -97,  -96,    7
  434, 1440, 65:02,  -96,  -96,    7
  435, 3114, xx:xx, -120, -108,    7
  436, 3118, xx:xx, -120, -120,    7
  437, 3107, xx:xx, -120, -120,    7
  438, 3110, xx:xx, -120, -120,    7
  439, 3108, xx:xx, -120, -120,    7
  440, 2686, 65:02,  -98, -109,    7
  441, 3107, xx:xx, -120, -109,    7
  442,  254, 65:02,  -98, -109,    7
  443, 2906, 65:02,  -99,  -98,    7
  444,  450, 65:02, -100,  -99,    7
  445, 3089, xx:xx, -120, -110,    7
  446, 1236, 65:02,  -97, -108,    7
  447, 2878, 65:02,  -87,  -92,    7
  448,  478, 65:02,  -96,  -91,    7
  449, 1924, 65:02, -101,  -98,    7
  450,  961, 65:02, -100, -100,    7
  451,  487, 65:02,  -93,  -96,    7
  452,  977, 65:02,  -92,  -92,    7
  453,  453, 65:02,  -97,  -94,    7
  454,  478, 65:02,  -94,  -95,    7
  455, 1925, 65:02,  -95,  -94,    7
  456,  476, 65:02,  -89,  -92,    7
  457, 2882, 65:02,  -90,  -89,    7
  458, 1918, 65:02,  -96,  -93,    7
  459,  479, 65:02,  -95,  -95,    7
  460,  486, 65:02,  -92,  -93,    7
  461, 3091, xx:xx, -120, -106,    7
  462, 1703, 65:02,  -91, -105,    7
  463, 3091, xx:xx, -120, -105,    7
  464, 3093, xx:xx, -120, -120,    7
  465, 2939, 65:02,  -97, -108,    7
  466, 3118, xx:xx, -120, -108,    8
  467, 1685, 65:02, -101, -110,    8
  468, 3141, xx:xx, -120, -110,    8
  469, 3089, xx:xx, -120, -120,    8
  470, 2412, 65:02,  -99, -109,    8
  471,  967, 65:02, -100,  -99,    8
  472, 3092, xx:xx, -120, -110,    8
  473,  258, 65:02,  -95, -107,    8
  474, 2881, 65:02,  -97,  -96,    8
  475, 3108, xx:xx, -120, -108,    8
  476,  732, 65:02, -100, -110,    8
  477,  972, 65:02,  -91,  -95,    8
  478,  955, 65:02,  -98,  -94,    8
  479, 1436, 65:02,  -96,  -97,    8
  480,  474, 65:02,  -90,  -93,    8
  481,  500, 65:02,  -91,  -90,    8
  482, 1430, 65:02,  -97,  -94,    8
  483,  952, 65:02,  -97,  -97,    8
  484,  484, 65:02,  -92,  -94,    8
  485,  957, 65:02,  -98,  -95,    8
  486,  475, 65:02,  -95,  -96,    8
  487, 2882, 65:02,  -91,  -93,    8
  488,  483, 65:02,  -90,  -90,    8
  489,  483, 65:02,  -95,  -92,    8
  490, 1439, 65:02,  -90,  -92,    8
  491, 2875, 65:02,  -98,  -94,    8
  492,  484, 65:02,  -95,  -96,    8
  493,  491, 65:02,  -95,  -95,    8
  494, 2390, 65:02,  -92,  -93,    8
  495, 1452, 65:02,  -95,  -93,    8
  496,  466, 65:02, -100,  -97,    8
  497,  484, 65:02,  -95,  -97,    8
  498, 1911, 65:02, -103,  -99,    8
  499,  964, 65:02,  -94,  -98,    8
  500, 3112, xx:xx, -120, -107,    8
  501,  255, 65:02,  -94, -107,    8
  502, 2889, 65:02,  -95,  -94,    8
  503, 1428, 65:02,  -93,  -94,    8
  504, 3111, xx:xx, -120, -106,    8
  505,  245, 65:02,  -97, -108,    8
  506, 3109, xx:xx, -120, -108,    8
  507, 3099, xx:xx, -120, -120,    8
  508, 3101, xx:xx, -120, -120,    8
  509,  286, 65:02,  -98, -109,    8
  510, 3159, xx:xx, -120, -109,    8
  511,  689, 65:02, -102, -111,    8
  512, 3104, xx:xx, -120, -111,    8
  513, 3102, xx:xx, -120, -120,    8
  514, 3102, xx:xx, -120, -120,    8
  515,  766, 65:02,  -97, -108,    8
  516,  512, 65:02,  -93,  -95,    8
  517,  453, 65:02, -101,  -97,    8
  518, 2401, 65:02, -101, -101,    8
  519,  474, 65:02,  -95,  -98,    8
  520,  969, 65:02,  -99,  -97,    8
  521,  477, 65:02,  -88,  -93,    8
  522,  960, 65:02,  -97,  -92,    8
  523, 1922, 65:02,  -91,  -94,    8
  524,  471, 65:02,  -91,  -91,    8
  525,  485, 65:02,  -92,  -91,    8
  526, 2908, 65:02,  -99,  -95,    8
  527, 1411, 65:02,  -96,  -97,    8
  528,  964, 65:02,  -94,  -95,    8
  529,  477, 65:02,  -95,  -94,    8
  530,  965, 65:02, -100,  -97,    8
  531, 1439, 65:02,  -93,  -96,    8
  532,  952, 65:02,  -98,  -95,    8
  533, 2910, 65:02,  -96,  -97,    8
  534,  934, 65:02,  -94,  -95,    8
  535, 3109, xx:xx, -120, -107,    8
  536,  253, 65:02,  -96, -108,    9
  537, 3244, xx:xx, -120, -108,    9
  538,  596, 65:02,  -97, -108,    9
  539, 3107, xx:xx, -120, -108,    9
  540, 1703, 65:02,  -98, -109,    9
  541, 3107, xx:xx, -120, -109,    9
  542, 3106, xx:xx, -120, -120,    9
  543, 3105, xx:xx, -120, -120,    9
  544, 3107, xx:xx, -120, -120,    9
  545, 2458, 65:02,  -97, -108,    9
  546, 3107, xx:xx, -120, -108,    9
  547, 3120, 65:02,  -94, -107,    9
  548, 1442, 65:02,  -93,  -93,    9
  549,  475, 65:02,  -95,  -94,    9
  550,  484, 65:02,  -95,  -95,    9
  551,  479, 65:02,  -95,  -95,    9
  552,  478, 65:02,  -99,  -97,    9
  553,  474, 65:02,  -97,  -98,    9
  554, 2422, 65:02,  -89,  -93,    9
  555, 2881, 65:02,  -96,  -92,    9
  556,  461, 65:02,  -90,  -93,    9
  557, 1923, 65:02,  -98,  -94,    9
  558, 1917, 65:02,  -98,  -98,    9
  559, 2400, 65:02,  -96,  -97,    9
  560,  481, 65:02,  -95,  -95,    9
  561, 1920, 65:02,  -90,  -92,    9
  562, 1442, 65:02,  -97,  -93,    9
  563,  957, 65:02, -104, -100,    9
  564, 2891, 65:02,  -98, -101,    9
  565, 2389, 65:02,  -91,  -94,    9
  566,  959, 65:02, -101,  -96,    9
  567,  478, 65:02,  -99, -100,    9
  568, 3092, xx:xx, -120, -109,    9
  569, 3097, xx:xx, -120, -120,    9
  570, 1021, 65:02,  -96, -108,    9
  571, 3094, xx:xx, -120, -108,    9
  572, 3092, xx:xx, -120, -120,    9
  573, 2453, 65:02, -100, -110,    9
  574,  955, 65:02, -104, -102,    9
  575, 3094, xx:xx, -120, -112,    9
  576, 3094, xx:xx, -120, -120,    9
  577, 2466, 65:02, -102, -111,    9
  578, 1430, 65:02,  -99, -100,    9
  579,  958, 65:02,  -92,  -95,    9
  580,  484, 65:02,  -96,  -94,    9
  581,  962, 65:02,  -99,  -97,    9
  582, 1430, 65:02,  -99,  -99,    9
  583,  479, 65:02,  -96,  -97,    9
  584,  484, 65:02,  -93,  -94,    9
  585, 1439, 65:02,  -94,  -93,    9
  586, 1436, 65:02,  -98,  -96,    9
  587,  967, 65:02,  -89,  -93,    9
  588,  472, 65:02,  -95,  -92,    9
  589,  973, 65:02,  -99,  -97,    9
  590, 1912, 65:02,  -90,  -94,    9
  591,  482, 65:02,  -88,  -89,    9
  592,  475, 65:02,  -93,  -90,    9
  593, 2884, 65:02,  -91,  -92,    9
  594, 2904, 65:02,  -88,  -89,    9
  595,  941, 65:02,  -96,  -92,    9
  596,  959, 65:02,  -99,  -97,    9
  597,  471, 65:02,  -95,  -97,    9
  598,  971, 65:02,  -89,  -92,   10
  599,  471, 65:02,  -98,  -93,   10
  600, 2424, 65:02, -100,  -99,   10
  601,  463, 65:02,  -97,  -98,   10
  602, 1434, 65:02, -100,  -98,   10
  603, 3096, xx:xx, -120, -110,   10
  604, 3096, xx:xx, -120, -120,   10
  605,  532, 65:02,  -98, -109,   10
  606, 3100, xx:xx, -120, -109,   10
  607,  260, 65:02,  -96, -108,   10
  608, 3147, xx:xx, -120, -108,   10
  609, 2621, 65:02,  -98, -109,   10
  610, 3097, xx:xx, -120, -109,   10
  611,  256, 65:02,  -98, -109,   10
  612, 3098, xx:xx, -120, -109,   10
  613, 3102, xx:xx, -120, -120,   10
  614, 1972, 65:02,  -93, -106,   10
  615, 2383, 65:02, -101,  -97,   10
  616, 1918, 65:02, -100, -100,   10
  617, 2399, 65:02,  -94,  -97,   10
  618,  481, 65:02,  -93,  -93,   10
  619,  494, 65:02,  -95,  -94,   10
  620,  949, 65:02, -100,  -97,   10
  621, 1441, 65:02,  -96,  -98,   10
  622, 1442, 65:02,  -90,  -93,   10
  623,  483, 65:02,  -94,  -92,   10
  624, 2393, 65:02,  -92,  -93,   10
  625,  487, 65:02,  -91,  -91,   10
  626,  478, 65:02,  -89,  -90,   10
  627,  954, 65:02,  -99,  -94,   10
  628,  968, 65:02,  -93,  -96,   10
  629,  486, 65:02,  -93,  -93,   10
  630,  476, 65:02,  -97,  -95,   10
  631, 2875, 65:02,  -97,  -97,   10
  632,  479, 65:02,  -95,  -96,   10
  633, 2402, 65:02,  -95,  -95,   10
  634, 1434, 65:02,  -94,  -94,   10
  635,  488, 65:02,  -98,  -96,   10
  636, 2392, 65:02,  -98,  -98,   10
  637,  487, 65:02,  -98,  -98,   10
  638, 2877, 65:02, -102, -100,   10
  639,  476, 65:02,  -92,  -97,   10
  640, 2889, 65:02,  -98,  -95,   10
  641, 1920, 65:02,  -98,  -98,   10
  642, 1446, 65:02,  -98,  -98,   10
  643, 1431, 65:02,  -97,  -97,   10
  644, 3105, xx:xx, -120, -108,   10
  645, 3106, xx:xx, -120, -120,   10
  646, 3101, xx:xx, -120, -120,   10
  647,  282, 65:02,  -99, -109,   10
  648, 3112, xx:xx, -120, -109,   10
  649, 2176, 65:02,  -98, -109,   10
  650, 1920, 65:02,  -97,  -97,   10
  651, 3133, xx:xx, -120, -108,   10
  652, 1186, 65:02,  -98, -109,   10
  653,  479, 65:02,  -97,  -97,   10
  654, 3106, xx:xx, -120, -108,   10
  655,  262, 65:02, -102, -111,   10
  656, 2867, 65:02,  -99, -100,   10
  657, 1438, 65:02,  -97,  -98,   10
  658,  970, 65:02,  -95,  -96,   10
  659, 1441, 65:02,  -93,  -94,   10
  660,  468, 65:02,  -86,  -89,   10
  661,  507, 65:02,  -87,  -86,   10
  662,  463, 65:02,  -96,  -91,   10
  663,  474, 65:02,  -90,  -93,   10
  664, 2404, 65:02,  -99,  -94,   10
  665, 1918, 65:02, -100,  -99,   10
  666,  485, 65:02,  -97,  -98,   10
  667,  470, 65:02,  -95,  -96,   10
  668,  967, 65:02,  -96,  -95,   10
  669,  986, 65:02,  -96,  -96,   10
  670,  447, 65:02,  -98,  -97,   10
  671,  989, 65:02,  -90,  -94,   10
  672,  457, 65:02,  -99,  -94,   10
  673, 2403, 65:02,  -96,  -97,   10
  674, 1437, 65:02,  -98,  -97,   11
  675, 2401, 65:02,  -99,  -98,   11
  676, 3090, xx:xx, -120, -109,   11
  677, 3091, xx:xx, -120, -120,   11
  678, 3096, xx:xx, -120, -120,   11
  679, 2252, 65:02, -100, -110,   11
  680, 3110, xx:xx, -120, -110,   11
  681, 3107, xx:xx, -120, -120,   11
  682,  490, 65:02,  -99, -109,   11
  683, 3089, xx:xx, -120, -109,   11
  684, 3140, xx:xx, -120, -120,   11
  685,  489, 65:02,  -95, -107,   11
  686,  963, 65:02, -100,  -97,   11
  687,  482, 65:02, -101, -100,   11
  688, 2879, 65:02, -105, -103,   11
  689,  969, 65:02,  -97, -101,   11
  690, 1436, 65:02,  -96,  -96,   11
  691,  478, 65:02,  -90,  -93,   11
  692, 1433, 65:02, -100,  -95,   11
  693,  486, 65:02,  -92,  -96,   11
  694, 2410, 65:02,  -95,  -93,   11
  695,  468, 65:02,  -93,  -94,   11
  696,  476, 65:02, -101,  -97,   11
  697,  487, 65:02,  -96,  -98,   11
  698, 1918, 65:02,  -92,  -94,   11
  699,  482, 65:02,  -82,  -87,   11
  700,  478, 65:02,  -95,  -88,   11
  701, 1440, 65:02,  -98,  -96,   11
  702, 3108, xx:xx, -120, -109,   11
  703,  255, 65:02,  -91, -105,   11
  704,  480, 65:02,  -96,  -93,   11
  705,  474, 65:02,  -89,  -92,   11
  706,  969, 65:02,  -96,  -92,   11
  707,  959, 65:02,  -99,  -97,   11
  708,  471, 65:02,  -99,  -99,   11
  709,  960, 65:02,  -92,  -95,   11
  710,  973, 65:02, -102,  -97,   11
  711, 2399, 65:02,  -98, -100,   11
  712, 1433, 65:02,  -98,  -98,   11
  713, 3097, xx:xx, -120, -109,   11
  714, 3155, xx:xx, -120, -120,   11
  715,  465, 65:02,  -96, -108,   11
  716, 3117, xx:xx, -120, -108,   11
  717, 3113, xx:xx, -120, -120,   11
  718,  495, 65:02,  -98, -109,   11
  719, 3100, xx:xx, -120, -109,   11
  720, 2683, 65:02,  -97, -108,   11
  721, 3100, xx:xx, -120, -108,   11
  722, 1198, 65:02,  -95, -107,   11
  723,  475, 65:02, -100,  -97,   11
  724, 2400, 65:02,  -96,  -98,   11
  725, 3099, xx:xx, -120, -108,   11
  726, 1704, 65:02, -101, -110,   11
  727,  479, 65:02,  -98,  -99,   11
  728, 1942, 65:02,  -97,  -97,   11
  729,  940, 65:02,  -89,  -93,   11
  730,  476, 65:02,  -97,  -93,   11
  731,  985, 65:02,  -96,  -96,   11
  732,  939, 65:02,  -94,  -95,   11
  733,  482, 65:02,  -98,  -96,   11
  734,  966, 65:02,  -91,  -94,   11
  735,  465, 65:02,  -98,  -94,   11
  736,  960, 65:02,  -93,  -95,   11
  737, 1925, 65:02,  -96,  -94,   11
  738,  474, 65:02,  -89,  -92,   11
  739, 1918, 65:02,  -91,  -90,   11
  740, 3104, xx:xx, -120, -105,   11
  741,  271, 65:02,  -91, -105,   11
  742,  946, 65:02,  -92,  -91,   11
  743, 2430, 65:02,  -96,  -94,   11
  744, 3150, xx:xx, -120, -108,   11
  745,  662, 65:02,  -97, -108,   11
  746, 3106, xx:xx, -120, -108,   12
  747, 1708, 65:02,  -96, -108,   12
  748, 2395, 65:02, -101,  -98,   12
  749, 3103, xx:xx, -120, -110,   12
  750, 3103, xx:xx, -120, -120,   12
  751, 2428, 65:02,  -99, -109,   12
  752, 3113, xx:xx, -120, -109,   12
  753, 3104, xx:xx, -120, -120,   12
  754, 3106, xx:xx, -120, -120,   12
  755, 1242, 65:02,  -98, -109,   12
  756, 3130, xx:xx, -120, -109,   12
  757, 3154, xx:xx, -120, -120,   12
  758,  432, 65:02,  -96, -108,   12
  759, 2905, 65:02,  -92,  -94,   12
  760,  458, 65:02,  -93,  -92,   12
  761,  476, 65:02,  -94,  -93,   12
  762, 3109, xx:xx, -120, -107,   12
  763,  249, 65:02,  -91, -105,   12
  764, 1460, 65:02, -100,  -95,   12
  765,  466, 65:02,  -90,  -95,   12
  766, 1913, 65:02,  -84,  -87,   12
  767,  488, 65:02,  -93,  -88,   12
  768,  479, 65:02,  -94,  -93,   12
  769,  980, 65:02,  -99,  -96,   12
  770, 1422, 65:02,  -96,  -97,   12
  771,  489, 65:02,  -93,  -94,   12
  772, 2385, 65:02,  -90,  -91,   12
  773, 2883, 65:02,  -97,  -93,   12
  774,  487, 65:02,  -96,  -96,   12
  775,  470, 65:02,  -96,  -96,   12
  776,  963, 65:02,  -94,  -95,   12
  777, 2416, 65:02,  -97,  -95,   12
  778, 3090, xx:xx, -120, -108,   12
  779,  731, 65:02,  -97, -108,   12
  780, 3089, xx:xx, -120, -108,   12
  781, 1720, 65:02,  -98, -109,   12
  782, 3103, xx:xx, -120, -109,   12
  783, 3089, xx:xx, -120, -120,   12
  784, 3086, xx:xx, -120, -120,   12
  785, 3091, xx:xx, -120, -120,   12
  786, 1081, 65:02,  -98, -109,   12
  787, 3152, xx:xx, -120, -109,   12
  788, 2118, 65:02, -101, -110,   12
  789,  960, 65:02,  -95,  -98,   12
  790, 3090, xx:xx, -120, -107,   12
  791,  745, 65:02,  -98, -109,   12
  792, 3123, xx:xx, -120, -109,   12
  793,  242, 65:02,  -96, -108,   12
  794, 1443, 65:02,  -99,  -97,   12
  795, 1439, 65:02,  -97,  -98,   12
  796,  957, 65:02,  -99,  -98,   12
  797,  473, 65:02,  -96,  -97,   12
  798,  489, 65:02,  -94,  -95,   12
  799,  477, 65:02,  -94,  -94,   12
  800, 2400, 65:02, -102,  -98,   12
  801,  478, 65:02,  -95,  -98,   12
  802,  505, 65:02,  -87,  -91,   12
  803,  471, 65:02,  -82,  -84,   12
  804,  472, 65:02,  -88,  -85,   12
  805,  952, 65:02,  -83,  -85,   12
  806,  481, 65:02,  -80,  -81,   12
  807,  486, 65:02,  -78,  -79,   12
  808,  475, 65:02,  -78,  -78,   12
  809,  478, 65:02,  -79,  -78,   12
  810,  485, 65:02,  -78,  -78,   12
  811,  471, 65:02,  -75,  -76,   12
  812,  481, 65:02,  -89,  -82,   12
  813,  484, 65:02,  -79,  -84,   12
  814,  481, 65:02,  -77,  -78,   13
  815,  471, 65:02,  -80,  -78,   13
  816,  482, 65:02,  -76,  -78,   13
  817,  486, 65:02,  -88,  -82,   13
  818,  481, 65:02,  -96,  -92,   13
  819,  480, 65:02,  -81,  -88,   13
  820,  479, 65:02,  -80,  -80,   13
  821,  486, 65:02,  -81,  -80,   13
  822,  475, 65:02,  -78,  -79,   13
  823,  478, 65:02,  -81,  -79,   13
  824,  481, 65:02,  -82,  -81,   13
  825,  496, 65:02,  -83,  -82,   13
  826,  456, 65:02,  -88,  -85,   13
  827,  484, 65:02,  -94,  -91,   13
  828,  485, 65:02,  -95,  -94,   13
  829,  480, 65:02,  -84,  -89,   13
  830,  489, 65:02,  -94,  -89,   13
  831,  469, 65:02,  -90,  -92,   13
  832,  962, 65:02,  -73,  -81,   13
  833,  489, 65:02,  -81,  -77,   13
  834,  465, 65:02,  -81,  -81,   13
  835,  482, 65:02,  -85,  -83,   13
  836,  478, 65:02,  -84,  -84,   13
  837,  483, 65:02,  -93,  -88,   13
  838,  478, 65:02,  -88,  -90,   13
  839,  481, 65:02,  -87,  -87,   13
  840,  483, 65:02,  -82,  -84,   13
  841,  479, 65:02,  -85,  -83,   13
  842,  492, 65:02,  -88,  -86,   13
  843,  462, 65:02,  -87,  -87,   13
  844,  486, 65:02,  -94,  -90,   13
  845,  475, 65:02,  -89,  -91,   13
  846,  977, 65:02,  -97,  -93,   13
  847,  465, 65:02,  -93,  -95,   13
  848,  484, 65:02,  -90,  -91,   13
  849,  476, 65:02,  -87,  -88,   13
  850,  481, 65:02,  -78,  -82,   13
  851,  479, 65:02,  -90,  -84,   13
  852,  484, 65:02,  -86,  -88,   13
  853,  959, 65:02,  -92,  -89,   13
  854,  974, 65:02,  -70,  -81,   13
  855,  464, 65:02,  -69,  -69,   13
  856,  492, 65:02,  -66,  -67,   13
  857,  466, 65:02,  -75,  -70,   13
  858,  489, 65:02,  -72,  -73,   13
  859,  471, 65:02,  -73,  -72,   13
  860,  478, 65:02,  -66,  -69,   13
  861,  488, 65:02,  -67,  -66,   13
  862,  477, 65:02,  -72,  -69,   13
  863,  482, 65:02,  -71,  -71,   13
  864,  473, 65:02,  -70,  -70,   13
  865,  493, 65:02,  -70,  -70,   13
  866,  955, 65:02,  -70,  -70,   13
  867,  475, 65:02,  -69,  -69,   13
  868,  483, 65:02,  -70,  -69,   13
  869,  483, 65:02,  -69,  -69,   13
  870,  476, 65:02,  -69,  -69,   13
  871,  481, 65:02,  -69,  -69,   13
  872,  476, 65:02,  -69,  -69,   13
  873,  486, 65:02,  -69,  -69,   13
  874,  474, 65:02,  -67,  -68,   13
  875,  483, 65:02,  -67,  -67,   13
  876,  479, 65:02,  -67,  -67,   14
  877,  479, 65:02,  -68,  -67,   14
  878,  485, 65:02,  -71,  -69,   14
  879,  480, 65:02,  -69,  -70,   14
  880,  480, 65:02,  -67,  -68,   14
  881,  478, 65:02,  -67,  -67,   14
  882,  475, 65:02,  -68,  -67,   14
  883,  483, 65:02,  -69,  -68,   14
  884,  480, 65:02,  -67,  -68,   14
  885,  496, 65:02,  -70,  -68,   14
  886,  465, 65:02,  -72,  -71,   14
  887,  481, 65:02,  -68,  -70,   14
  888,  482, 65:02,  -86,  -77,   14
  889,  475, 65:02,  -85,  -85,   14
  890,  493, 65:02,  -84,  -84,   14
  891,  952, 65:02,  -95,  -89,   14
  892,  484, 65:02,  -78,  -86,   14
  893,  467, 65:02,  -88,  -83,   14
  894,  483, 65:02,  -81,  -84,   14
  895,  477, 65:02,  -82,  -81,   14
  896,  486, 65:02,  -85,  -83,   14
  897,  485, 65:02,  -83,  -84,   14
  898,  476, 65:02,  -82,  -82,   14
  899,  481, 65:02,  -82,  -82,   14
  900,  957, 65:02,  -85,  -83,   14
  901,  473, 65:02,  -83,  -84,   14
  902,  482, 65:02,  -78,  -80,   14
  903,  965, 65:02,  -82,  -80,   14
  904,  474, 65:02,  -86,  -84,   14
  905,  489, 65:02,  -86,  -86,   14
  906,  960, 65:02,  -85,  -85,   14
  907,  471, 65:02,  -82,  -83,   14
  908,  482, 65:02,  -80,  -81,   14
  909,  483, 65:02,  -85,  -82,   14
  910,  490, 65:02,  -82,  -83,   14
  911,  464, 65:02,  -87,  -84,   14
  912,  480, 65:02,  -89,  -88,   14
  913,  491, 65:02,  -88,  -88,   14
  914,  470, 65:02,  -88,  -88,   14
  915,  482, 65:02,  -90,  -89,   14
  916,  484, 65:02,  -93,  -91,   14
  917,  473, 65:02,  -80,  -86,   14
  918,  488, 65:02,  -87,  -83,   14
  919,  476, 65:02,  -84,  -85,   14
  920,  475, 65:02,  -80,  -82,   14
  921,  513, 65:02,  -81,  -80,   14
  922,  455, 65:02,  -83,  -82,   14
  923,  493, 65:02,  -81,  -82,   14
  924,  465, 65:02,  -81,  -81,   14
  925,  484, 65:02,  -80,  -80,   14
  926,  953, 65:02,  -81,  -80,   14
  927,  508, 65:02,  -77,  -79,   14
  928,  450, 65:02,  -79,  -78,   14
  929,  483, 65:02,  -77,  -78,   14
  930,  484, 65:02,  -75,  -76,   14
  931,  478, 65:02,  -78,  -76,   14
  932,  482, 65:02,  -85,  -81,   14
  933,  476, 65:02,  -76,  -80,   14
  934,  479, 65:02,  -77,  -76,   14
  935,  476, 65:02,  -76,  -76,   14
  936,  970, 65:02,  -76,  -76,   14
  937,  480, 65:02,  -78,  -77,   14
  938,  955, 65:02,  -76,  -77,   14
  939,  483, 65:02,  -77,  -76,   14
  940,  479, 65:02,  -77,  -77,   14
  941,  960, 65:02,  -75,  -76,   14
  942,  958, 65:02,  -76,  -75,   14
  943,  476, 65:02,  -78,  -77,   14
  944,  478, 65:02,  -75,  -76,   14
  945,  493, 65:02,  -79,  -77,   15
  946,  468, 65:02,  -80,  -79,   15
  947,  482, 65:02,  -78,  -79,   15
  948,  499, 65:02,  -78,  -78,   15
  949,  462, 65:02,  -78,  -78,   15
  950,  481, 65:02,  -79,  -78,   15
  951,  481, 65:02,  -78,  -78,   15
  952,  485, 65:02,  -79,  -78,   15
  953,  476, 65:02,  -80,  -79,   15
  954,  481, 65:02,  -80,  -80,   15
  955,  485, 65:02,  -79,  -79,   15
  956,  475, 65:02,  -79,  -79,   15
  957,  494, 65:02,  -80,  -79,   15
  958,  464, 65:02,  -78,  -79,   15
  959,  480, 65:02,  -80,  -79,   15
  960,  483, 65:02,  -78,  -79,   15
  961,  480, 65:02,  -79,  -78,   15
  962,  479, 65:02,  -79,  -79,   15
  963,  472, 65:02,  -80,  -79,   15
  964,  487, 65:02,  -77,  -78,   15
  965,  477, 65:02,  -80,  -78,   15
  966,  481, 65:02,  -81,  -80,   15
  967,  483, 65:02,  -80,  -80,   15
  968,  472, 65:02,  -79,  -79,   15
  969,  486, 65:02,  -80,  -79,   15
  970,  477, 65:02,  -80,  -80,   15
  971,  487, 65:02,  -80,  -80,   15
  972,  476, 65:02,  -80,  -80,   15
  973,  477, 65:02,  -80,  -80,   15
  974,  482, 65:02,  -80,  -80,   15
  975,  484, 65:02,  -81,  -80,   15
  976,  478, 65:02,  -78,  -79,   15
  977,  480, 65:02,  -79,  -78,   15
  978,  479, 65:02,  -81,  -80,   15
  979,  477, 65:02,  -79,  -80,   15
  980,  482, 65:02,  -80,  -79,   15
  981,  478, 65:02,  -82,  -81,   15
  982,  487, 65:02,  -82,  -82,   15
  983,  476, 65:02,  -84,  -83,   15
  984,  956, 65:02,  -82,  -83,   15
  985,  481, 65:02,  -83,  -82,   15
  986,  474, 65:02,  -81,  -82,   15
  987,  499, 65:02,  -84,  -82,   15
  988,  945, 65:02,  -83,  -83,   15
  989,  478, 65:02,  -83,  -83,   15
  990,  480, 65:02,  -86,  -84,   15
  991,  482, 65:02,  -84,  -85,   15
  992,  480, 65:02,  -83,  -83,   15
  993,  477, 65:02,  -83,  -83,   15
  994,  490, 65:02,  -82,  -82,   15
  995,  476, 65:02,  -83,  -82,   15
  996,  475, 65:02,  -83,  -83,   15
  997,  482, 65:02,  -80,  -81,   15
  998,  477, 65:02,  -83,  -81,   15
  999,  497, 65:02,  -82,  -82,   15
 1000,  469, 65:02,  -84,  -83,   15
 1001,  478, 65:02,  -82,  -83,   15
 1002,  481, 65:02,  -83,  -82,   15
 1003,  481, 65:02,  -83,  -83,   15
 1004,  960, 65:02,  -79,  -81,   15
 1005,  501, 65:02,  -77,  -78,   15
 1006,  936, 65:02,  -77,  -77,   15
 1007,  480, 65:02,  -85,  -81,   15
 1008,  481, 65:02,  -93,  -89,   15
 1009,  957, 65:02,  -85,  -89,   15
 1010,  482, 65:02,  -86,  -85,   15
 1011,  480, 65:02,  -89,  -87,   15
 1012,  992, 65:02,  -81,  -85,   15
 1013,  448, 65:02,  -84,  -82,   15
 1014,  957, 65:02,  -83,  -83,   15
 1015,  477, 65:02,  -84,  -83,   15
 1016,  511, 65:02,  -83,  -83,   15
 1017,  457, 65:02,  -81,  -82,   15
 1018,  472, 65:02,  -83,  -82,   15
 1019,  488, 65:02,  -81,  -82,   15
 1020,  502, 65:02,  -82,  -81,   15
 1021,  459, 65:02,  -82,  -82,   15
 1022,  962, 65:02,  -82,  -82,   15
 1023,  470, 65:02,  -82,  -82,   15
 1024,  488, 65:02,  -82,  -82,   15
 1025,  474, 65:02,  -82,  -82,   15
 1026,  970, 65:02,  -83,  -82,   15
 1027,  474, 65:02,  -82,  -82,   15
 1028,  473, 65:02,  -81,  -81,   15
 1029,  999, 65:02,  -79,  -80,   15
 1030,  444, 65:02,  -89,  -84,   15
 1031,  486, 65:02,  -89,  -89,   15
 1032,  478, 65:02,  -84,  -86,   15
 1033,  473, 65:02,  -85,  -84,   15
 1034,  488, 65:02,  -84,  -84,   15
 1035,  471, 65:02,  -79,  -81,   15
 1036,  512, 65:02,  -93,  -86,   15
 1037,  448, 65:02,  -76,  -84,   15
 1038,  487, 65:02,  -78,  -77,   15
 1039,  475, 65:02,  -80,  -79,   15
 1040,  510, 65:02,  -81,  -80,   15
 1041,  452, 65:02,  -81,  -81,   15
 1042,  957, 65:02,  -78,  -79,   15
 1043,  489, 65:02,  -75,  -76,   15
 1044,  479, 65:02,  -79,  -77,   15
 1045,  471, 65:02,  -77,  -78,   15
 1046,  513, 65:02,  -79,  -78,   15
 1047,  449, 65:02,  -77,  -78,   15
 1048,  509, 65:02,  -87,  -82,   15
 1049,  458, 65:02,  -89,  -88,   15
 1050,  477, 65:02,  -81,  -85,   15
 1051,  474, 65:02,  -85,  -83,   15
 1052,  481, 65:02,  -84,  -84,   15
 1053,  503, 65:02,  -85,  -84,   15
 1054,  457, 65:02,  -88,  -86,   15
 1055,  480, 65:02,  -78,  -83,   15
 1056,  481, 65:02,  -85,  -81,   15
 1057,  483, 65:02,  -76,  -80,   15
 1058,  477, 65:02,  -77,  -76,   15
 1059,  479, 65:02, -100,  -88,   15
 1060,  479, 65:02,  -86,  -93,   15
 1061,  481, 65:02,  -90,  -88,   15
 1062,  504, 65:02,  -93,  -91,   15
 1063,  456, 65:02,  -89,  -91,   15
 1064,  477, 65:02,  -83,  -86,   15
 1065,  486, 65:02,  -87,  -85,   15
 1066,  476, 65:02,  -85,  -86,   15
 1067,  507, 65:02,  -88,  -86,   15
 1068,  455, 65:02,  -87,  -87,   15
 1069,  484, 65:02,  -87,  -87,   15
 1070,  480, 65:02,  -84,  -85,   15
 1071,  472, 65:02,  -88,  -86,   15
 1072,  483, 65:02,  -92,  -90,   15
 1073,  480, 65:02,  -81,  -86,   15
 1074,  504, 65:02,  -83,  -82,   15
 1075,  461, 65:02,  -80,  -81,   15
 1076,  472, 65:02,  -90,  -85,   15
 1077,  486, 65:02,  -81,  -85,   15
 1078,  478, 65:02,  -82,  -81,   15
 1079,  486, 65:02,  -81,  -81,   15
 1080,  957, 65:02,  -82,  -81,   15
 1081,  479, 65:02,  -82,  -82,   15
 1082,  482, 65:02,  -83,  -82,   15
 1083,  473, 65:02,  -87,  -85,   15
 1084,  479, 65:02,  -85,  -86,   15
 1085,  485, 65:02,  -85,  -85,   15
 1086,  478, 65:02,  -90,  -87,   15
 1087,  509, 65:02,  -92,  -91,   15
 1088,  451, 65:02,  -87,  -89,   15
 1089,  487, 65:02,  -80,  -83,   15
 1090,  479, 65:02,  -75,  -77,   15
 1091,  472, 65:02,  -75,  -75,   15
 1092,  478, 65:02,  -72,  -73,   15
 1093,  481, 65:02,  -69,  -70,   15
 1094,  515, 65:02,  -68,  -68,   15
 1095,  453, 65:02,  -69,  -68,   15
 1096,  472, 65:02,  -65,  -67,   15
 1097,  966, 65:02,  -72,  -68,   15
 1098,  959, 65:02,  -69,  -70,   15
 1099,  967, 65:02,  -72,  -70,   15
 1100,  473, 65:02,  -72,  -72,   15
 1101,  478, 65:02,  -69,  -70,   15
 1102,  484, 65:02,  -68,  -68,   15
 1103,  474, 65:02,  -68,  -68,   15
 1104,  971, 65:02,  -68,  -68,   15
 1105,  468, 65:02,  -67,  -67,   15
 1106,  484, 65:02,  -66,  -66,   15
 1107,  481, 65:02,  -66,  -66,   15
 1108,  475, 65:02,  -66,  -66,   15
 1109,  514, 65:02,  -66,  -66,   15
 1110,  454, 65:02,  -67,  -66,   15
 1111,  473, 65:02,  -65,  -66,   15
 1112,  486, 65:02,  -65,  -65,   15
 1113,  476, 65:02,  -66,  -65,   15
 1114,  501, 65:02,  -65,  -65,   15
 1115,  455, 65:02,  -66,  -65,   15
 1116,  493, 65:02,  -65,  -65,   15
 1117,  471, 65:02,  -67,  -66,   15
 1118,  478, 65:02,  -65,  -66,   15
 1119,  506, 65:02,  -65,  -65,   15
 1120,  452, 65:02,  -65,  -65,   15
 1121,  488, 65:02,  -68,  -66,   15
 1122,  475, 65:02,  -70,  -69,   15
 1123,  479, 65:02,  -69,  -69,   15
 1124,  486, 65:02,  -67,  -68,   15
 1125,  477, 65:02,  -64,  -65,   15
 1126,  488, 65:02,  -64,  -64,   15
 1127,  472, 65:02,  -65,  -64,   15
 1128,  479, 65:02,  -72,  -68,   15
 1129,  481, 65:02,  -76,  -74,   15
 1130,  482, 65:02,  -73,  -74,   15
 1131,  481, 65:02,  -67,  -70,   15
 1132,  479, 65:02,  -67,  -67,   15
 1133,  477, 65:02,  -66,  -66,   15
 1134,  478, 65:02,  -66,  -66,   15
 1135,  484, 65:02,  -65,  -65,   15
 1136,  482, 65:02,  -66,  -65,   15
 1137,  505, 65:02,  -66,  -66,   15
 1138,  447, 65:02,  -66,  -66,   15
 1139,  965, 65:02,  -83,  -74,   15
 1140,  509, 65:02,  -81,  -82,   15
 1141,  445, 65:02,  -80,  -80,   15
 1142,  514, 65:02,  -70,  -75,   15
 1143,  449, 65:02,  -66,  -68,   15
 1144,  478, 65:02,  -67,  -66,   15
 1145,  484, 65:02,  -65,  -66,   15
 1146,  474, 65:02,  -67,  -66,   15
 1147,  487, 65:02,  -67,  -67,   15
 1148,  473, 65:02,  -66,  -66,   15
 1149,  487, 65:02,  -66,  -66,   15
 1150,  472, 65:02,  -67,  -66,   15
 1151,  481, 65:02,  -69,  -68,   15
 1152,  484, 65:02,  -72,  -70,   15
 1153,  479, 65:02,  -72,  -72,   15
 1154,  483, 65:02,  -72,  -72,   15
 1155,  474, 65:02,  -74,  -73,   15
 1156,  484, 65:02,  -72,  -73,   15
 1157,  477, 65:02,  -71,  -71,   15
 1158,  487, 65:02,  -66,  -68,   15
 1159,  479, 65:02,  -67,  -66,   15
 1160,  476, 65:02,  -68,  -67,   15
 1161,  481, 65:02,  -66,  -67,   15
 1162,  482, 65:02,  -66,  -66,   15
 1163,  482, 65:02,  -67,  -66,   15
 1164,  480, 65:02,  -64,  -65,   15
 1165,  475, 65:02,  -66,  -65,   15
 1166,  480, 65:02,  -67,  -66,   15
 1167,  484, 65:02,  -66,  -66,   15
 1168,  480, 65:02,  -67,  -66,   15
 1169,  477, 65:02,  -67,  -67,   16
 1170,  481, 65:02,  -66,  -66,   16
 1171,  479, 65:02,  -68,  -67,   16
 1172,  479, 65:02,  -77,  -72,   16
 1173,  481, 65:02,  -84,  -80,   16
 1174,  485, 65:02,  -73,  -78,   16
 1175,  479, 65:02,  -72,  -72,   16
 1176,  490, 65:02,  -76,  -74,   16
 1177, 1442, 65:02,  -88,  -82,   16
 1178, 2868, 65:02,  -96,  -92,   16
 1179, 3102, xx:xx, -120, -108,   16
 1180, 1708, 65:02,  -96, -108,   16
 1181, 1431, 65:02, -109, -102,   16
 1182,  949, 65:02, -101, -105,   16
 1183,  482, 65:02,  -98,  -99,   16
 1184, 2882, 65:02,  -95,  -96,   16
 1185, 3105, xx:xx, -120, -107,   16
 1186,  257, 65:02,  -99, -109,   16
 1187, 3102, xx:xx, -120, -109,   16
 1188, 3100, xx:xx, -120, -120,   16
 1189, 3106, xx:xx, -120, -120,   16
 1190, 3105, xx:xx, -120, -120,   16
 1191, 3105, xx:xx, -120, -120,   16
 1192, 3106, xx:xx, -120, -120,   16
 1193, 3103, xx:xx, -120, -120,   16
 1194, 1316, 65:02,  -98, -109,   16
 1195, 2875, 65:02,  -91,  -94,   16
 1196,  481, 65:02,  -94,  -92,   16
 1197, 2886, 65:02, -100,  -97,   16
 1198, 1911, 65:02,  -95,  -97,   16
 1199, 1440, 65:02,  -90,  -92,   16
 1200, 2895, 65:02,  -95,  -92,   16
 1201, 1908, 65:02,  -97,  -96,   16
 1202,  477, 65:02,  -92,  -94,   16
 1203,  974, 65:02,  -90,  -91,   16
 1204,  945, 65:02,  -94,  -92,   16
 1205, 1444, 65:02,  -99,  -96,   17
 1206, 3236, xx:xx, -120, -109,   17
 1207,  118, 65:02, -105, -112,   17
 1208,  491, 65:02, -100, -102,   17
 1209, 1909, 65:02,  -96,  -98,   17
 1210, 3114, xx:xx, -120, -108,   17
 1211,  732, 65:02,  -96, -108,   17
 1212,  975, 65:02, -101,  -98,   17
 1213, 3107, xx:xx, -120, -110,   17
 1214, 3123, xx:xx, -120, -120,   17
 1215, 3144, xx:xx, -120, -120,   17
 1216, 3094, xx:xx, -120, -120,   17
 1217,  953, 65:02,  -98, -109,   17
 1218,  484, 65:02,  -99,  -98,   17
 1219, 3085, xx:xx, -120, -109,   17
 1220, 3088, xx:xx, -120, -120,   17
 1221, 3102, xx:xx, -120, -120,   17
 1222,  353, 65:02,  -96, -108,   17
 1223, 1415, 65:02,  -98,  -97,   17
 1224, 1441, 65:02,  -98,  -98,   17
 1225,  471, 65:02,  -97,  -97,   17
 1226,  965, 65:02,  -98,  -97,   17
 1227, 2399, 65:02,  -94,  -96,   17
 1228, 1455, 65:02,  -96,  -95,   17
 1229,  952, 65:02,  -97,  -96,   17
 1230, 1435, 65:02,  -90,  -93,   17
 1231,  474, 65:02,  -89,  -89,   17
 1232,  966, 65:02,  -96,  -92,   17
 1233,  490, 65:02, -102,  -99,   17
 1234,  466, 65:02,  -96,  -99,   17
 1235,  963, 65:02,  -96,  -96,   18
 1236, 2882, 65:02, -100,  -98,   18
 1237,  474, 65:02,  -99,  -99,   18
 1238, 2886, 65:02,  -99,  -99,   18
 1239, 1436, 65:02,  -97,  -98,   18
 1240, 2400, 65:02, -101,  -99,   18
 1241, 3092, xx:xx, -120, -110,   18
 1242,  278, 65:02,  -97, -108,   18
 1243, 1434, 65:02,  -96,  -96,   18
 1244, 3092, xx:xx, -120, -108,   18
 1245, 2184, 65:02,  -98, -109,   18
 1246, 3094, xx:xx, -120, -109,   18
 1247, 3093, xx:xx, -120, -120,   18
 1248, 3092, xx:xx, -120, -120,   18
 1249, 3109, xx:xx, -120, -120,   18
 1250, 1531, 65:02,  -99, -109,   18
 1251, 3093, xx:xx, -120, -109,   18
 1252, 3093, xx:xx, -120, -120,   18
 1253, 3108, xx:xx, -120, -120,   18
 1254, 2231, 65:02,  -98, -109,   18
 1255, 1437, 65:02,  -98,  -98,   18
 1256, 2407, 65:02,  -95,  -96,   18
 1257,  470, 65:02,  -92,  -93,   18
 1258,  968, 65:02,  -96,  -94,   18
 1259, 1914, 65:02,  -97,  -96,   18
 1260,  486, 65:02,  -89,  -93,   18
 1261,  954, 65:02,  -88,  -88,   18
 1262,  485, 65:02, -100,  -94,   18
 1263, 1917, 65:02,  -98,  -99,   18
 1264,  490, 65:02,  -92,  -95,   18
 1265, 3098, xx:xx, -120, -106,   18
 1266, 3100, xx:xx, -120, -120,   18
 1267, 3096, xx:xx, -120, -120,   18
 1268, 3098, xx:xx, -120, -120,   18
 1269, 3095, xx:xx, -120, -120,   18
 1270, 1302, 65:02,  -96, -108,   19
 1271, 3214, xx:xx, -120, -108,   19
 1272, 3098, xx:xx, -120, -120,   19
 1273, 3099, xx:xx, -120, -120,   19
 1274, 3099, xx:xx, -120, -120,   19
 1275, 3097, xx:xx, -120, -120,   19
 1276, 3100, xx:xx, -120, -120,   19
 1277, 1933, 65:02, -100, -110,   19
 1278, 3100, xx:xx, -120, -110,   19
 1279, 3099, xx:xx, -120, -120,   19
 1280, 1002, 65:02,  -96, -108,   19
 1281,  970, 65:02, -103,  -99,   19
 1282, 2874, 65:02,  -98, -100,   19
 1283,  957, 65:02,  -94,  -96,   19
 1284,  485, 65:02,  -97,  -95,   19
 1285, 2874, 65:02,  -94,  -95,   19
 1286,  963, 65:02,  -97,  -95,   19
 1287,  964, 65:02,  -99,  -98,   19
 1288,  471, 65:02,  -93,  -96,   19
 1289,  480, 65:02,  -95,  -94,   19
 1290,  962, 65:02, -101,  -98,   19
 1291, 1444, 65:02,  -96,  -98,   19
 1292, 1438, 65:02,  -98,  -97,   19
 1293, 3105, xx:xx, -120, -109,   19
 1294,  280, 65:02,  -99, -109,   19
 1295,  457, 65:02,  -95,  -97,   19
 1296, 3105, xx:xx, -120, -107,   19
 1297, 3121, xx:xx, -120, -120,   19
 1298, 3156, xx:xx, -120, -120,   19
 1299, 3098, xx:xx, -120, -120,   19
 1300, 3102, xx:xx, -120, -120,   19
 1301, 1704, 65:02, -100, -110,   19
 1302, 3105, xx:xx, -120, -110,   19
 1303, 3105, xx:xx, -120, -120,   19
 1304, 2426, 65:02, -103, -111,   19
 1305, 3109, xx:xx, -120, -111,   19
 1306, 3103, xx:xx, -120, -120,   19
 1307, 3105, xx:xx, -120, -120,   19
 1308, 1726, 65:02,  -97, -108,   19
 1309, 3106, xx:xx, -120, -108,   19
 1310, 3119, xx:xx, -120, -120,   19
 1311,  486, 65:02,  -96, -108,   19
 1312, 1462, 65:02,  -94,  -95,   19
 1313,  459, 65:02,  -97,  -95,   19
 1314, 2406, 65:02,  -97,  -97,   19
 1315,  475, 65:02,  -92,  -94,   19
 1316,  482, 65:02,  -96,  -94,   19
 1317, 3109, xx:xx, -120, -108,   19
 1318, 1690, 65:02,  -97, -108,   19
 1319, 2883, 65:02,  -92,  -94,   19
 1320,  483, 65:02,  -96,  -94,   19
 1321,  955, 65:02,  -95,  -95,   19
 1322,  959, 65:02,  -98,  -96,   20
 1323, 3227, xx:xx, -120, -109,   20
 1324, 2060, 65:02,  -98, -109,   20
 1325, 3125, xx:xx, -120, -109,   20
 1326, 1670, 65:02, -100, -110,   20
 1327, 3102, xx:xx, -120, -110,   20
 1328, 3083, xx:xx, -120, -120,   20
 1329, 3101, xx:xx, -120, -120,   20
 1330, 3084, xx:xx, -120, -120,   20
 1331, 3087, xx:xx, -120, -120,   20
 1332, 3091, xx:xx, -120, -120,   20
 1333, 3094, xx:xx, -120, -120,   20
 1334, 3087, xx:xx, -120, -120,   20
 1335, 1669, 65:02,  -94, -107,   20
 1336, 2401, 65:02, -100,  -97,   20
 1337,  486, 65:02,  -97,  -98,   20
 1338,  474, 65:02,  -97,  -97,   20
 1339,  484, 65:02,  -98,  -97,   20
 1340, 3089, xx:xx, -120, -109,   20
 1341, 1703, 65:02, -101, -110,   20
 1342, 2426, 65:02,  -97,  -99,   20
 1343,  461, 65:02,  -96,  -96,   20
 1344,  957, 65:02,  -99,  -97,   20
 1345,  481, 65:02,  -97,  -98,   20
 1346,  484, 65:02,  -96,  -96,   20
 1347,  477, 65:02,  -92,  -94,   20
 1348,  961, 65:02,  -91,  -91,   20
 1349, 2409, 65:02,  -92,  -91,   20
 1350, 3105, xx:xx, -120, -106,   20
 1351, 1201, 65:02,  -98, -109,   20
 1352, 2424, 65:02,  -98,  -98,   20
 1353, 3093, xx:xx, -120, -109,   20
 1354, 3094, xx:xx, -120, -120,   20
 1355, 3092, xx:xx, -120, -120,   20
 1356, 3144, xx:xx, -120, -120,   20
 1357,  516, 65:02, -101, -110,   20
 1358, 3094, xx:xx, -120, -110,   20
 1359, 3106, xx:xx, -120, -120,   20
 1360, 3109, xx:xx, -120, -120,   20
 1361, 3108, xx:xx, -120, -120,   20
 1362, 3093, xx:xx, -120, -120,   20
 1363, 3096, xx:xx, -120, -120,   20
 1364, 2518, 65:02,  -98, -109,   20
 1365,  491, 65:02, -102, -100,   20
 1366, 2883, 65:02,  -98, -100,   20
 1367,  463, 65:02, -100,  -99,   20
 1368, 2883, 65:02,  -99,  -99,   20
 1369,  958, 65:02,  -96,  -97,   20
 1370,  478, 65:02,  -97,  -96,   20
 1371, 3158, xx:xx, -120, -108,   20
 1372,  207, 65:02,  -91, -105,   20
 1373,  477, 65:02,  -95,  -93,   20
 1374, 3100, xx:xx, -120, -107,   20
 1375, 1225, 65:02,  -99, -109,   20
 1376,  473, 65:02,  -94,  -96,   20
 1377,  961, 65:02,  -98,  -96,   20
 1378,  966, 65:02,  -96,  -97,   20
 1379,  952, 65:02,  -98,  -97,   20
 1380,  480, 65:02,  -97,  -97,   20
 1381,  967, 65:02,  -99,  -98,   20
 1382,  478, 65:02,  -96,  -97,   20
 1383,  956, 65:02,  -96,  -96,   21
 1384, 1923, 65:02,  -98,  -97,   21
 1385, 3098, xx:xx, -120, -109,   21
 1386,  258, 65:02, -100, -110,   21
 1387, 3098, xx:xx, -120, -110,   21
 1388, 3097, xx:xx, -120, -120,   21
 1389, 3100, xx:xx, -120, -120,   21
 1390, 3101, xx:xx, -120, -120,   21
 1391, 3096, xx:xx, -120, -120,   21
 1392, 3100, xx:xx, -120, -120,   21
 1393, 3099, xx:xx, -120, -120,   21
 1394, 3100, xx:xx, -120, -120,   21
 1395, 3114, xx:xx, -120, -120,   21
 1396, 3099, xx:xx, -120, -120,   21
 1397, 1163, 65:02,  -99, -109,   21
 1398, 2393, 65:02,  -99,  -99,   21
 1399, 2905, 65:02,  -95,  -97,   21
 1400, 3102, xx:xx, -120, -107,   21
 1401, 1196, 65:02,  -94, -107,   21
 1402,  481, 65:02,  -96,  -95,   21
 1403,  484, 65:02,  -88,  -92,   21
 1404, 3105, xx:xx, -120, -104,   21
 1405, 2654, 65:02,  -97, -108,   21
 1406,  478, 65:02, -100,  -98,   21
 1407, 3106, xx:xx, -120, -110,   21
 1408,  257, 65:02,  -99, -109,   21
 1409,  963, 65:02, -101, -100,   21
 1410, 3114, xx:xx, -120, -110,   21
 1411, 2161, 65:02,  -97, -108,   21
 1412, 3106, xx:xx, -120, -108,   21
 1413, 1228, 65:02,  -99, -109,   21
 1414,  479, 65:02,  -99,  -99,   21
 1415, 3104, xx:xx, -120, -109,   21
 1416, 3113, xx:xx, -120, -120,   21
 1417, 3108, xx:xx, -120, -120,   21
 1418, 3106, xx:xx, -120, -120,   21
 1419, 3105, xx:xx, -120, -120,   21
 1420, 3105, xx:xx, -120, -120,   21
 1421, 3106, xx:xx, -120, -120,   21
 1422, 2725, 65:02,  -95, -107,   21
 1423,  962, 65:02,  -99,  -97,   21
 1424, 1908, 65:02,  -96,  -97,   21
 1425, 3108, xx:xx, -120, -108,   21
 1426, 1701, 65:02, -101, -110,   21
 1427,  479, 65:02,  -97,  -99,   21
 1428,  482, 65:02, -100,  -98,   21
 1429, 3158, xx:xx, -120, -110,   21
 1430, 3121, xx:xx, -120, -120,   21
 1431, 1879, 65:02,  -98, -109,   21
 1432, 3110, xx:xx, -120, -109,   21
 1433,  725, 65:02,  -95, -107,   21
 1434,  488, 65:02,  -98,  -96,   21
 1435,  473, 65:02,  -95,  -96,   21
 1436, 2400, 65:02, -101,  -98,   21
 1437,  482, 65:02,  -97,  -99,   21
 1438, 3087, xx:xx, -120, -108,   21
 1439, 3099, xx:xx, -120, -120,   21
 1440, 3089, xx:xx, -120, -120,   21
 1441, 3087, xx:xx, -120, -120,   21
 1442, 3115, xx:xx, -120, -120,   21
 1443, 3087, xx:xx, -120, -120,   21
 1444, 3136, xx:xx, -120, -120,   21
 1445, 3088, xx:xx, -120, -120,   21
 1446, 3090, xx:xx, -120, -120,   21
 1447, 3093, xx:xx, -120, -120,   21
 1448, 3095, xx:xx, -120, -120,   21
 1449, 1458, 65:02,  -95, -107,   21
 1450, 2881, 65:02, -102,  -98,   21
 1451, 1438, 65:02,  -95,  -98,   21
 1452, 2876, 65:02,  -92,  -93,   21
 1453,  962, 65:02,  -99,  -95,   21
 1454,  481, 65:02,  -96,  -97,   21
 1455, 3092, xx:xx, -120, -108,   21
 1456,  747, 65:02,  -98, -109,   21
 1457,  485, 65:02,  -98,  -98,   21
 1458, 3099, xx:xx, -120, -109,   21
 1459,  733, 65:02,  -95, -107,   22
 1460,  968, 65:02,  -99,  -97,   22
 1461, 3091, xx:xx, -120, -109,   22
 1462, 2676, 65:02, -100, -110,   22
 1463, 3093, xx:xx, -120, -110,   22
 1464, 3094, xx:xx, -120, -120,   22
 1465, 3092, xx:xx, -120, -120,   22
 1466, 3093, xx:xx, -120, -120,   22
 1467, 3096, xx:xx, -120, -120,   22
 1468, 2766, 65:02, -102, -111,   22
 1469, 3093, xx:xx, -120, -111,   22
 1470, 3095, xx:xx, -120, -120,   22
 1471, 3095, xx:xx, -120, -120,   22
 1472, 3143, xx:xx, -120, -120,   22
 1473, 1970, 65:02,  -93, -106,   22
 1474, 3094, xx:xx, -120, -106,   22
 1475, 1235, 65:02,  -99, -109,   22
 1476,  477, 65:02, -100,  -99,   22
 1477,  951, 65:02,  -93,  -96,   22
 1478, 2887, 65:02,  -99,  -96,   22
 1479,  480, 65:02,  -96,  -97,   22
 1480, 3112, xx:xx, -120, -108,   22
 1481,  245, 65:02,  -99, -109,   22
 1482, 3110, xx:xx, -120, -109,   22
 1483, 3098, xx:xx, -120, -120,   22
 1484,  997, 65:02, -102, -111,   22
 1485, 1432, 65:02, -100, -101,   22
 1486, 3098, xx:xx, -120, -110,   22
 1487, 3146, 65:02,  -99, -109,   22
 1488, 2401, 65:02, -100,  -99,   22
 1489, 3099, xx:xx, -120, -110,   22
 1490, 3096, xx:xx, -120, -120,   22
 1491, 3099, xx:xx, -120, -120,   22
 1492, 3103, xx:xx, -120, -120,   22
 1493, 3097, xx:xx, -120, -120,   22
 1494, 3097, xx:xx, -120, -120,   22
 1495, 3100, xx:xx, -120, -120,   22
 1496, 3100, xx:xx, -120, -120,   22
 1497, 1605, 65:02,  -96, -108,   22
 1498, 2887, 65:02,  -98,  -97,   22
 1499,  481, 65:02,  -96,  -97,   22
 1500,  474, 65:02, -100,  -98,   22
 1501, 1923, 65:02,  -95,  -97,   22
 1502, 3148, xx:xx, -120, -107,   22
 1503, 2132, 65:02, -101, -110,   22
 1504, 3099, xx:xx, -120, -110,   22
 1505,  741, 65:02,  -98, -109,   23
 1506, 1920, 65:02, -101,  -99,   23
 1507, 3116, xx:xx, -120, -110,   23
 1508, 3103, xx:xx, -120, -120,   23
 1509, 3102, xx:xx, -120, -120,   23
 1510, 3114, xx:xx, -120, -120,   23
 1511, 3104, xx:xx, -120, -120,   23
 1512, 3101, xx:xx, -120, -120,   23
 1513, 3102, xx:xx, -120, -120,   23
 1514, 1781, 65:02,  -98, -109,   23
 1515, 3148, xx:xx, -120, -109,   23
 1516, 3106, xx:xx, -120, -120,   23
 1517, 3103, xx:xx, -120, -120,   23
 1518, 2156, 65:02, -100, -110,   23
 1519, 3100, xx:xx, -120, -110,   23
 1520,  267, 65:02, -101, -110,   23
 1521, 2874, 65:02, -100, -100,   23
 1522, 1445, 65:02,  -96,  -98,   23
 1523, 2873, 65:02,  -92,  -94,   23
 1524,  969, 65:02, -101,  -96,   23
 1525, 1433, 65:02, -101, -101,   23
 1526,  477, 65:02,  -95,  -98,   23
 1527,  485, 65:02,  -96,  -95,   23
 1528,  475, 65:02,  -90,  -93,   23
 1529,  481, 65:02,  -94,  -92,   23
 1530,  482, 65:02,  -91,  -92,   23
 1531,  478, 65:02,  -91,  -91,   23
 1532,  483, 65:02,  -92,  -91,   23
 1533,  484, 65:02,  -88,  -90,   23
 1534,  488, 65:02,  -89,  -88,   23
 1535,  955, 65:02,  -91,  -90,   23
 1536,  957, 65:02,  -89,  -90,   23
 1537,  489, 65:02,  -89,  -89,   23
 1538,  469, 65:02,  -88,  -88,   23
 1539,  476, 65:02,  -89,  -88,   23
 1540,  479, 65:02,  -79,  -84,   23
 1541,  483, 65:02,  -80,  -79,   23
 1542,  484, 65:02,  -82,  -81,   23
 1543,  958, 65:02,  -86,  -84,   23
 1544,  483, 65:02,  -85,  -85,   23
 1545,  472, 65:02,  -85,  -85,   23
 1546,  482, 65:02,  -86,  -85,   23
 1547,  483, 65:02,  -89,  -87,   23
 1548,  477, 65:02,  -95,  -92,   23
 1549,  484, 65:02,  -80,  -87,   23
 1550,  479, 65:02,  -78,  -79,   23
 1551,  475, 65:02,  -82,  -80,   23
 1552,  486, 65:02,  -84,  -83,   23
 1553,  474, 65:02,  -85,  -84,   23
 1554,  487, 65:02,  -93,  -89,   23
 1555,  472, 65:02,  -87,  -90,   23
 1556,  491, 65:02,  -86,  -86,   23
 1557,  500, 65:02,  -88,  -87,   23
 1558,  934, 65:02,  -80,  -84,   23
 1559,  477, 65:02,  -86,  -83,   23
 1560,  489, 65:02,  -79,  -82,   23
 1561,  497, 65:02,  -79,  -79,   23
 1562,  942, 65:02,  -81,  -80,   23
 1563,  472, 65:02,  -74,  -77,   23
 1564,  487, 65:02,  -77,  -75,   23
 1565,  477, 65:02,  -80,  -78,   23
 1566,  478, 65:02,  -81,  -80,   23
 1567,  481, 65:02,  -97,  -89,   23
 1568,  484, 65:02,  -86,  -91,   23
 1569,  503, 65:02,  -95,  -90,   23
 1570,  448, 65:02,  -97,  -96,   23
 1571,  486, 65:02,  -84,  -90,   23
